{
  "training_duration": "08:16:06",
  "training_start_epoch": 0,
  "training_epochs": 20,
  "training_start_acc": 0.645769227817893,
  "training_end_acc": 0.6786117143317552,
  "training_answer_impossible_accuracy": 0.7229413976473116,
  "training_em": 0.6485623738672028,
  "training_loss": 0.017456617767043856,
  "validation_start_acc": 0.5512507369662258,
  "validation_end_acc": 0.5483870967741935,
  "validation_answer_impossible_accuracy": 0.6296639434009939,
  "validation_em": 0.5630421965804767,
  "validation_loss": 0.02706330231318771,
  "best_validation_em": 0.5675903310031163,
  "best_epoch": 17
}